n_clusters,accuracy,training_time
40,0.6786407766990291,0.006001710891723633
50,0.7436893203883496,0.006499290466308594
60,0.7427184466019418,0.01061105728149414
